{
    "about": "About the Application",
    "func": "Features",
    "img": "Images",
    "contact": "Contacts",
    "aboutTitle": "Simplify your club management",
    "aboutText": "A program that allows users to manage, in a simple way, all the data that exists within a club, from athletes to competitions.",
    "install": "Install",
    "funcTitle": "Discover the features",
    "func1": "- Register your club",
    "func2": "- Add multiple modalities to your clubs",
    "func3": "- Manage your teams",
    "func4": "- Register your athletes",
    "func5": "- Schedule training times for each team",
    "func6": "- Schedule games in the sports calendar",
    "func7": "- Check the results of the games",
    "contactText": "Have questions? Want to provide feedback or need information? Contact us!"
}