{
    "about": "Sobre a Aplicação",
    "func": "Funcionalidades",
    "contact": "Contactos",
    "img": "Imagens",
    "aboutTitle": "Simplifique a gestão do seu clube",
    "aboutText": "Um programa que permite os utilizadores geriram, de maneira simples, todos os dados que existem dentro de um clube, desde os atletas às competições.",
    "install": "Instalar",
    "funcTitle": "Conheça as funcionalidades",
    "func1": "- Registe o seu clube",
    "func2": "- Adicione várias modalidades ao seus clubes",
    "func3": "- Faça a gestão das suas equipas",
    "func4": "- Registe os seus atletas",
    "func5": "- Agende o horário dos treinos de cada equipa",
    "func6": "- Agende jogos no calendário desportivo",
    "func7": "- Consulte o resultado dos jogos",
    "contactText": "Tem dúvidas? Quer fornecer feedback ou necessita de informações? Contacte-nos já!"
}